label,message
scam,"Dear customer, your Chase bank account has been temporarily restricted due to suspicious login attempts. Verify your identity immediately at http://bit.ly/chase-verify-now to avoid permanent closure."
scam,"URGENT: Your Wells Fargo debit card has been deactivated. Please update your security credentials right away at http://tinyurl.com/wf-secure-login or your card will be canceled."
scam,"Bank Security Alert: We detected an unauthorized withdrawal of $950.00 from your checking account. If you did not make this request, verify your PIN and account at http://bank-auth-support.com"
scam,"Alert: Your Citibank account has been locked. Click http://citi-restore-portal.net to submit your 6-digit OTP and unlock your online banking access."
scam,"FINAL WARNING: Your Bank of America online access will expire in 2 hours. Update your billing information at http://bofa-update-portal.xyz immediately to prevent suspension."
scam,"Hi Mom, my phone fell in the water and this is my temporary WhatsApp number. My bank app isn't working and I urgently need $450 to pay for car towing. Can you send it via Zelle right now?"
scam,"Hello Dad, I lost my phone and wallet at the airport. Using a friend's phone to text you. Please wire $300 urgently to this account so I can get a cab home. I will pay you back tomorrow morning."
scam,"Hey honey, my card got declined at the grocery checkout. Can you urgently transfer $150 to this UPI/Zelle handle? It's really embarrassing, please do it right now!"
scam,"Hi brother, I'm stuck at the hospital with a broken phone. Please send $500 immediately to account 98234123 for emergency medicine. Do not call, the signal is very weak here."
scam,"Mom please help! I got into a minor fender bender and need $400 cash right away to pay the driver before police get involved. Transfer immediately to this cashapp: $helpemergency."
scam,"CONGRATULATIONS! You have been selected as the official winner of a $50,000 Walmart cash gift card. Claim your exclusive prize code at http://win-walmart-voucher.com before midnight!"
scam,"You have won $1,000,000 in the International Mega Millions Lottery! Ticket #77492. Reply with your full name, bank details, and address to claim your jackpot funds."
scam,"Amazon Prize Draw: You are our lucky 2nd place winner of a brand new Apple iPhone 15 Pro Max! Pay $1.99 shipping fee at http://bit.ly/claim-iphone-deal to receive your device."
scam,"Congratulations! Your mobile number was awarded $25,000 in the Google Annual Promo. Visit http://tinyurl.com/google-promo-winner to claim your cash reward today."
scam,"Exclusive Reward: You qualified for a free $500 Target gift voucher! Only 3 left in stock. Confirm your mailing address now at http://target-voucher-gift.xyz"
scam,"WhatsApp Security Alert: We detected an unauthorized login to your WhatsApp from an IP in Russia. Reply immediately with your 6-digit SMS code to verify your phone number and keep your account."
scam,"Security Notice: Your Google account password was compromised. Enter your current password and phone number at http://google-security-recovery.net to verify ownership."
scam,"Apple ID Warning: Your iCloud account has been suspended due to unauthorized device login. Verify your Apple ID credentials and passcode at http://apple-id-verify-alert.com"
scam,"Netflix Notice: Your monthly membership fee could not be processed. Update your credit card number, CVV, and billing address at http://netflix-payment-fix.com to prevent service cancellation."
scam,"PayPal Fraud Team: You sent $899.99 to Best Buy Digital. If this was NOT you, call 1-800-555-0182 or cancel this transaction immediately at http://paypal-dispute-resolve.com"
scam,"USPS Delivery Notification: Package #US-992019 could not be delivered due to incomplete street address. Update your address and pay $1.49 redelivery fee at http://tinyurl.com/usps-track-fail"
scam,"FedEx Alert: We attempted delivery of your parcel today but no one was home. Reschedule your delivery and confirm your phone number at http://fedex-redelivery-update.net"
scam,"DHL Express: Your shipment #DH-48192 is held at our customs clearance facility. Pay customs duty of $3.50 online at http://dhl-customs-clearance.com to release your parcel."
scam,"UPS Delivery Alert: Your package is awaiting your confirmation. Missing postal zip code. Please provide details at http://ups-package-confirm.xyz within 24 hours to prevent return to sender."
scam,"INTERNAL REVENUE SERVICE: A formal lawsuit has been registered under your Social Security Number. Call our legal division immediately at 1-888-555-0199 or local sheriff will execute arrest warrant."
scam,"Urgent Legal Notice: You have 24 hours to clear your outstanding legal penalty or face immediate asset seizure and law enforcement action. Call Federal Investigation Office at 800-555-0144."
scam,"Sheriff Department Alert: A warrant has been issued for your arrest due to unpaid federal jury duty fines. Call 855-555-0177 immediately to resolve this matter before deputies are dispatched."
scam,"EARN $300-$800 DAILY FROM HOME! Global travel companies are hiring online rating assistants. Work 1 hour per day on WhatsApp. No experience required. Message recruiter now: +1-555-019-9944"
scam,"Guaranteed 400% profit in 24 hours! Join our exclusive VIP Bitcoin and Forex trading group on WhatsApp. Minimum investment $100. Contact our crypto master trader at https://t.me/crypto-vip-gains"
scam,"Pre-approved Loan Alert! You are eligible for an instant personal loan of up to $35,000 at 1.5% interest rate. No credit check or collateral. Apply at http://instant-cash-loans.net"
scam,"URGENT: Your electricity power supply will be disconnected at 5:00 PM today due to an unpaid utility balance. Call power customer service at 800-555-0131 or pay immediately via Bitcoin ATM."
scam,"Geek Squad Renewal: Your auto-debit of $399.00 for 2-year total tech support has been processed. If you want to cancel and claim a full refund, call our support line at 1-888-555-0162."
scam,"Norton Antivirus: Thank you for renewing your annual subscription for $449.99. Invoice #NT-98214. If you did not authorize this payment, contact our dispute department at 1-800-555-0155."
scam,"Instagram Creator Team: Your account was flagged for copyright infringement and will be deleted permanently in 24 hours. Submit an appeal at http://instagram-copyright-appeal.com"
scam,"Special Promo: Get 100GB 5G High-Speed Data for free! Valid on all mobile networks for 3 months. Click http://free-5g-bonus-data.org to activate your free internet pack now!"
scam,"ATTENTION: Unclaimed stimulus check of $1,400 under your tax file. Verify your SSN and direct deposit bank routing number at http://stimulus-relief-claim.org before funds expire."
scam,"Facebook Security: We noticed unusual activity on your profile. Log in to http://fb-security-checkpoint.xyz to confirm your identity and prevent your profile from being permanently deleted."
scam,"Hey, I saw your profile and want to be your sugar daddy. I will send you $2,500 weekly allowance. Text me on WhatsApp at +1-555-012-3847 to set up payment."
scam,"Investment Opportunity: Double your money in 3 days with automated Ethereum smart contract mining. Guaranteed payout. WhatsApp us at +1-555-014-9922 to register."
scam,"URGENT WARNING: Suspicious login from an unknown Windows PC detected on your email account. Click http://bit.ly/email-sec-login to lock account and reset password."
scam,"Amazon Security: Your purchase of Sony 65-inch OLED TV for $1,299.00 was approved. If you did not place this order, click http://tinyurl.com/amazon-order-cancel to cancel immediately."
scam,"Your mobile number was chosen in the UK National Lottery promo! Reward amount is 250,000 GBP. Send your passport copy and bank details to claim-officer@lottery-promo.net"
scam,"Emergency: Your iCloud storage is 100% full. All photos and messages will be permanently deleted tonight. Upgrade for free at http://icloud-storage-boost.xyz"
scam,"CashApp Alert: You received $750.00 from John. To accept this payment, verify your account and debit card PIN at http://cashapp-verify-funds.net"
scam,"Venmo Notice: A security hold has been placed on your incoming transfer of $320.00. Click http://venmo-unlock-service.com to authenticate your identity."
scam,"URGENT: Your driver license has been suspended due to unpaid red light camera ticket. Pay fine of $45 online at http://dmv-violation-pay.com to avoid court summons."
scam,"Exclusive Deal: Claim your $200 Shell Gas Gift Card now! Fuel prices are soaring, claim yours today at http://shell-gas-rewards.com"
scam,"Dear applicant, your resume was reviewed for the remote Data Entry clerk position ($45/hr). Start tomorrow! Contact our HR manager on WhatsApp: https://wa.me/15550183344"
scam,"Bank Alert: Unrecognized purchase of $412.80 at Target Store. If you did NOT authorize, call our fraud desk at 800-555-0190 immediately to block transaction."
scam,"Final Notice: Your vehicle warranty has expired. You are liable for all repair expenses. Call 1-800-555-0111 immediately to reinstate coverage at discount rate."
scam,"Dear Customer: Your SIM card will be deactivated within 12 hours due to KYC non-compliance. Update your Aadhaar/SSN and biometrics at http://telecom-kyc-verify.net"
scam,"Warning: Your crypto wallet has been flagged for money laundering regulations. Connect wallet at http://metamask-security-audit.com within 6 hours to prevent asset freeze."
scam,"Congratulations! You won a $1,000 Costco shopping spree. Fill out 1-minute survey at http://bit.ly/costco-spree-free to receive your voucher code."
scam,"Notice: Someone tried to transfer your WhatsApp account to another phone. If this was not you, enter the 6-digit confirmation code here: http://wa-device-link.net"
scam,"URGENT TAX ALERT: Your tax return has been audited. Penalty of $2,300 due immediately. Pay via gift cards or wire transfer to avoid asset liquidation."
legitimate,"Your Chase verification code is 492019. Valid for 10 minutes. Chase will never call or text you asking for this code. Do not share it with anyone."
legitimate,"Bank of America: A purchase of $18.42 was made at Starbucks with your debit card ending in 4102. If authorized, no action is needed."
legitimate,"Wells Fargo Alert: Your monthly checking account statement for September is now ready to view. Sign in to online banking or your mobile app to view it."
legitimate,"Citi Alert: Your payment of $150.00 is scheduled for Oct 15th. Manage your payment anytime on the Citi Mobile App or at citi.com."
legitimate,"Capital One: A charge of $64.12 at Shell Gas Station was approved on card ending in 8831. Reply NO if you do not recognize this charge."
legitimate,"Hey, are we still meeting for lunch at 12:30 today? I'm heading towards the campus dining hall now."
legitimate,"Can you please bring my laptop charger when you come to the library? I left it on the dining table."
legitimate,"Mom says dinner is ready! Come downstairs whenever you finish that chapter of your textbook."
legitimate,"Good morning! Don't forget that our team presentation for cybersecurity class is due this Thursday."
legitimate,"Hey mate, what was the assignment question for operating systems? I missed the last 15 minutes of lecture."
legitimate,"Thanks for helping me fix that bug in my Python code earlier! The program runs smoothly now."
legitimate,"Are you free this weekend to study for the upcoming midterm exam? We could grab a table at Starbucks."
legitimate,"Hey, I just sent you the lecture notes in PDF format on our group chat. Check them out when you can."
legitimate,"Let me know when you reach home safely! The traffic looked pretty heavy on the highway."
legitimate,"Happy birthday! Hope you have a wonderful day filled with fun and celebration. Catch up soon!"
legitimate,"Your Amazon order #112-9283741 has been delivered to your front porch. Photo proof is available in your Amazon app. Thank you for shopping with us."
legitimate,"USPS: Your package with tracking number 940011189922334455 is out for delivery today and will arrive by 7:00 PM."
legitimate,"FedEx: Package from Nike with tracking #789012345678 was delivered at 2:15 PM and signed by front desk."
legitimate,"UPS Update: Your delivery is on schedule to arrive tomorrow between 1:00 PM and 5:00 PM. Track shipment in UPS My Choice."
legitimate,"Best Buy: Your order #BBY01-8849120 is ready for curbside pickup at the West End location. Bring your ID."
legitimate,"Appointment Reminder: You have an appointment with Dr. Robert Chen tomorrow at 10:30 AM at Metro Health Clinic. Reply 1 to confirm or 2 to reschedule."
legitimate,"CVS Pharmacy: Your prescription for Amoxicillin is ready for pickup at Store #492. Store hours are 8am to 9pm."
legitimate,"Smile Dental: Reminder of your routine cleaning appointment on Friday, Oct 18 at 3:00 PM. Please arrive 10 minutes early."
legitimate,"EyeCare Center: Your new contact lenses have arrived at our office and are ready for pickup during normal business hours."
legitimate,"Delta Airlines: Flight DL 1492 from ATL to LGA is on time. Departure gate is B19. Boarding starts at 3:45 PM. Have a safe flight!"
legitimate,"United Airlines: Your boarding pass for flight UA 782 is ready. Check-in online or via the United mobile app."
legitimate,"American Airlines: Baggage notification - your checked luggage has been loaded onto flight AA 402."
legitimate,"Uber: Your driver Alex is arriving in a Silver Toyota Camry (license plate 7ABC123). Please meet your driver outside."
legitimate,"Lyft: Thanks for riding with Maria! Your ride total was $14.30. A detailed receipt has been sent to your registered email."
legitimate,"Your Google verification code is 382910. Use this to complete your login. Never share this code."
legitimate,"Your Microsoft account security code is 719283. If you did not request this code, you can safely ignore this message."
legitimate,"Instagram security code: 827103. Use this code to verify your login attempt. Do not share it with others."
legitimate,"Twitter/X verification code: 663912. Valid for 10 minutes. Keep your account secure and do not share codes."
legitimate,"Discord authentication code: 519204. Enter this code to sign in on your new desktop device."
legitimate,"Campus Alert: Heavy rain and localized flooding reported near North Campus. Please use caution when driving."
legitimate,"University Registrar: Spring semester course registration opens tomorrow at 8:00 AM for junior standing students."
legitimate,"Library Notice: The book 'Introduction to Cryptography' is due on Oct 20. Renew online through your student account if needed."
legitimate,"Professor Davis: Tomorrow's CS201 lab will be held in Hall B, Room 204. Please review chapter 4 prior to class."
legitimate,"Student Financial Services: Your tuition statement for the fall term has been generated and is available on the student portal."
legitimate,"Netflix: New sign-in detected on a Roku device in your home network. If this was you, enjoy streaming!"
legitimate,"Spotify: Your family plan subscription was successfully renewed for $16.99. Thanks for being a premium member."
legitimate,"DoorDash: Your food order from Chipotle has been picked up by Dasher Kevin and is on its way to your address."
legitimate,"Instacart: Shopper Sarah has started picking your items at Whole Foods Market. Expected delivery by 4:30 PM."
legitimate,"State Farm: Your auto insurance policy renewal document is ready for review. Access your policy in our mobile app."
legitimate,"Your PayPal security code is 918234. PayPal employees will never ask you for this code over the phone or text."
legitimate,"Gym Fitness: Your reserved spot for HIIT Bootcamp tomorrow at 6:30 AM is confirmed. See you there!"
legitimate,"Movie Theater: Your 2 tickets for IMAX Interstellar on Saturday at 7:30 PM are confirmed. Scan your mobile barcode at the kiosk."
legitimate,"Pet Clinic: Reminder that Max is due for his annual rabies vaccination this month. Call 555-0199 to book an appointment."
legitimate,"Community Center: The neighborhood recycling drive will take place this Saturday from 9 AM to 1 PM in the park parking lot."
legitimate,"Hair Salon: Reminder for your haircut appointment with Jessica tomorrow at 4:00 PM. Reply C to confirm."
legitimate,"Home Depot: Your store pickup order #W92831 is ready at customer service desk. Order will be held for 7 days."
legitimate,"Starbucks: You earned 50 bonus stars on your purchase today! Check your rewards balance in the Starbucks app."
legitimate,"Weather Advisory: National Weather Service has issued a Frost Advisory for your area from 2 AM to 8 AM Wednesday morning."
legitimate,"City Water Department: Scheduled routine maintenance on water mains will occur on Elm Street on Tuesday from 10am to 2pm."
legitimate,"Hey, don't forget we have the group project Zoom call scheduled for 8pm tonight. I'll send the link in the group chat."
legitimate,"Hey dad, I landed at Chicago O'Hare safely. Waiting for my luggage at carousel 4 then taking the train."
